Coenti;Noenti;Cogrupo;Nogrupo
04707     ;BRASILPREV SEGUROS E PREVIDĘNCIA S/A(dados a partir de Junho/2002);     ;
04715     ;CREFISA SEGUROS S.A. ;     ;
04740     ;KIRTON VIDA  E PREVIDĘNCIA S.A.;     ;
04782     ;NEWE SEGUROS S.A.;     ;
04812     ;EULER HERMES SEGUROS DE CRÉDITO Ŕ EXPORTAÇĂO S.A.;     ;
04855     ;NOW SEGUROS S.A.;     ;
04871     ;VOTORANTIM SEGUROS E PREVIDĘNCIA S/A;     ;
04928     ;STARR INTERNATIONAL BRASIL SEGURADORA S.A.;     ;
04936     ;COMPANHIA CAPITAL DE SEGUROS - MICROSSEGURADORA;     ;
04952     ;SUHAI SEGURADORA S.A. ;     ;
04987     ;EURE-EXTERIOR;     ;
05011     ;CHUBB DO BRASIL CIA DE SEGUROS;     ;
05037     ;SUL AMERICA UNIBANCO SEGURADORA S/A;     ;
05045     ;COMPANHIA DE SEGUROS ALIANÇA DA BAHIA;     ;
05061     ;SEGURADORA OCEÂNICA S/A;     ;
05070     ;ZURICH SANTANDER BRASIL SEGUROS E PREVIDĘNCIA S.A.;     ;
05088     ;BS SEGURO DE VIDA S/A;     ;
05096     ;ITAÚ VIDA E PREVIDĘNCIA S/A;     ;
05100     ;COMERCIAL DO PARA COMPANHIA DE SEGUROS;     ;
05118     ;TRADITIO COMPANHIA DE SEGUROS;     ;
05126     ;UNIVERSAL COMPANHIA DE SEGUROS GERAIS;     ;
05134     ;EQUITATIVA DOS ESTADOS UNIDOS DO BRASIL;     ;
05142     ;ICATU SEGUROS S.A;     ;
05151     ;TOKIO MARINE BRASIL SEGURADORA S.A.;     ;
05169     ;SAU SEGUROS E PREVIDENCIA S/A;     ;
05177     ;ALLIANZ SEGUROS S.A.;     ;
05185     ;YELUM SEGUROS S.A. ;     ;
05193     ;COMPANHIA DE SEGUROS PREVIDĘNCIA DO SUL - PREVISUL;     ;
05207     ;CIA SUL BRASIL DE SEGUROS TERR E MAR;     ;
05215     ;ITAÚ VIDA E PREVIDĘNCIA S.A. (INATIVA);     ;
05240     ;SUL AMERICA TERRESTRES,MARÍTIMOS E ACIDENTES CIA DE SEGUROS;     ;
05258     ;HABITASUL SEGURADORA S/A;     ;
05266     ;MOTOR UNION SEGUROS S/A;     ;
05274     ;BANESTES SEGUROS S.A.;     ;
05282     ;PRUDENTIAL DO BRASIL SEGUROS DE VIDA S.A;     ;
05312     ;BRADESCO AUTO/RE COMPANHIA DE SEGUROS;     ;
05321     ;ITAU SEGUROS S.A.;     ;
05355     ;AZUL COMPANHIA DE SEGUROS GERAIS;     ;
05363     ;MERIDIONAL COMPANHIA DE SEGUROS GERAIS;     ;
05398     ;ALIANCA RIO GRANDENSE COMPANHIA DE SEGUROS GERAIS;     ;
05401     ;PQ SEGUROS S.A.;     ;
05410     ;NOVO MUNDO;     ;
05436     ;JUNTO SEGUROS S.A.;     ;
05444     ;BRADESCO SEGUROS S.A;     ;
05452     ;FORTALEZA CIA NACIONAL DE SEGUROS;     ;
05461     ;ATLANTICA - BRADESCO CIA DE SEGUROS;     ;
05479     ;APLUB SEGUROS S/A;     ;
05487     ;SANTANDER BRASIL SEGUROS S/A - INATIVA;     ;
05495     ;ZURICH MINAS BRASIL SEGUROS S.A. ;     ;
05509     ;DELFIN SEGURADORA S/A;     ;
05533     ;ATLÂNTICA COMPANHIA DE SEGUROS;     ;
05541     ;CCF BRASIL SEGUROS S.A. (HSBC SAÚDE S.A.) MUDOU DE DENOMINAÇĂO PARA HSBC EMPRESA DE CAPITALIZAÇĂO (BRASIL) S.A.;     ;
05550     ;SEGURADORA INDUSTRIAL E MERCANTIL S/A;     ;
05568     ;SAFRA CIA DE SEGUROS;     ;
05584     ;MULTIPLIC COMPANHIA DE SEGUROS;     ;
05592     ;TOTAL SEGURADORA S/A;     ;
05606     ;ARBI SEGUROS S/A;     ;
05614     ;SUL AMÉRICA SANTA CRUZ SEGUROS S/A;     ;
05622     ;BRASILSAÚDE COMPANHIA DE SEGUROS;     ;
05631     ;CAIXA SEGURADORA S.A.;     ;
05649     ;CGU COMPANHIA DE SEGUROS;     ;
05657     ;VANGUARDA COMPANHIA DE SEGUROS GERAIS;     ;
05665     ;MAPFRE VIDA S.A.;     ;
05673     ;ITABORAÍ SEGUROS S/A;     ;
05681     ;SUL AMERICA BANDEIRANTE SEGUROS S/A;     ;
05690     ;COMPANHIA EXCELSIOR DE SEGUROS;     ;
05711     ;BRADESCO  SAUDE S.A;     ;
05720     ;SOMPO SEGUROS S.A.;     ;
05738     ;FINANCIAL CIA DE SEGUROS;     ;
05746     ;TREVO BANORTE SEGURADORA S/A ;     ;
05789     ;AMIL SEGURADORA S/A;     ;
05801     ;TREVO SEGURADORA S/A;     ;
05819     ;ALLSEG SEGURADORA S.A.;     ;
05827     ;FINANCIAL SEGUROS GERAIS S/A;     ;
05835     ;BAMERINDUS VIDA S/A;     ;
05843     ;INDIANA SEGUROS S.A.;     ;
05851     ;CASTELO COSTA CIA DE SEGUROS;     ;
05886     ;PORTO SEGURO COMPANHIA DE SEGUROS GERAIS;     ;
05894     ;PATRIA CIA BRASILEIRA SEGUROS GERAIS;     ;
05908     ;GENERALI  BRASIL  SEGUROS S.A.;     ;
05916     ;REAL SEGURADORA S.A.;     ;
05924     ;COMPANHIA DE SEGUROS RIO BRANCO;     ;
05932     ;ATLANTICA - BRADESCO SEGUROS S.A;     ;
05941     ;ZURICH BRASIL COMPANHIA DE SEGUROS;     ;
05975     ;BCN SEGURADORA S.A.;     ;
05983     ;UNIBANCO AIG SEGUROS S/A;     ;
05991     ;SWISS RE CORPORATE SOLUTIONS BRASIL SEGUROS S.A.;     ;
06009     ;BANERJ SEGUROS S/A;     ;
06017     ;CENTAURO VIDA E PREVIDĘNCIA S. A. ;     ;
06033     ;PORTO SEGURO VIDA E PREVIDĘNCIA S/A.;     ;
06041     ;PARANÁ COMPANHIA DE SEGUROS;     ;
06700     ;CIA DE SEGUROS MONARCA;     ;
06777     ;APS SEGURADORA S.A. ;     ;
06807     ;ABSOLUTA SEGUROS S/A  (EM APROVAÇĂO)  [ANTIGA ADRESS SEGS E PREV] ;     ;
06815     ;CIA ANCORA DE SEGUROS GERAIS;     ;
06891     ;SAOEX S.A. SEGURADORA E PREVIDĘNCIA PRIVADA;     ;
07005     ;NOVA YORK COMPANHIA DE SEGUROS;     ;
07102     ;CASTELLO COSTA COMPANHIA DE SEGUROS;     ;
07269     ;COMPANHIA PATRIMONIAL DE SEGUROS GERAIS;     ;
10065     ;APLUB - ASSOCIAÇĂO DOS PROFISSIONAIS LIBERAIS UNIVERSITÁRIOS DO BRASIL;     ;
10359     ;CORRFA PREVIDĘNCIA PRIVADA;     ;
10405     ;EMPRESARIAL DE PREVIDĘNCIA PRIVADA;     ;
10472     ;GEPLAN SOCIEDADE DE PREVIDENCIA PRIVADA;     ;
10596     ;PREVBRAS- SOCIEDADE NACIONAL DE PREVIDĘNCIA PRIVADA;     ;
10715     ;EMBRASIL PREVIDENCIA PRIVADA            ;     ;
17728     ;MONTEPIO NACIONAL DOS TRABALHADORES NA INDÚSTRIA DE ENERGIA ELETRICA - MONTIENE;     ;
18813     ;MONTEPIO BENEFICENTE MONTESE;     ;
20273     ;VALOR CAPITALIZAÇĂO S/A;     ;
20451     ;MEGACAP CAPITALIZAÇĂO S.A. (ATUAL DENOMINAÇĂO DE GLOBAL CAPITALIZAÇĂO S.A.);     ;
44717     ;AFRICAN REINSURANCE CORPORATION;     ;
44814     ;PARTNER REINSURANCE EUROPE SE (ANTIGA PARTNER REINSURANCE EUROPE PUBLIC LIMITED COMPANY);     ;
44920     ;EVEREST REINSURANCE COMPANY;     ;
44938     ;FINANCIAL ASSURANCE COMPANY LIMITED;     ;
45004     ;INTACT INSURANCE UK LIMITED (EX-ROYAL & SUN ALLIANCE INSURANCE PLC);     ;
45420     ;CATLIN RE SWITZERLAND LTD;     ;
45896     ;GARD MARINE & ENERGY LIMITED ;     ;
45926     ;ARDEN REINSURANCE COMPANY LTD. ( ANTIGA ARIEL REINSURANCE COMPANY LTD.);     ;
45951     ;ATRADIUS REINSURANCE DESIGNATED ACTIVITY COMPANY;     ;
46507     ;AXIS RE SE;     ;
46761     ;FEDERAL INSURANCE COMPANY;     ;
47082     ;HDI GLOBAL NETWORK AG;     ;
47406     ;FINANCIAL INSURANCE COMPANY LIMITED;     ;
47660     ;WESTPORT INSURANCE CORPORATION;     ;
47708     ;XL CATLIN INSURANCE COMPANY UK LIMITED (ANTIGA CATLIN INSURANCE COMPANY (UK) LTD);     ;
47724     ;MITSUI SUMITOMO INSURANCE COMPANY, LIMITED;     ;
47741     ;TOKIO MARINE & NICHIDO FIRE INSURANCE CO., LTD.;     ;
47848     ;BERKLEY INSURANCE COMPANY;     ;
48178     ;RGA GLOBAL REINSURANCE COMPANY, LTD.;     ;
48186     ;MÜNCHENER RÜCKVERSICHERUNGS-GESELLSCHAFT AKTIENGESELLSCHAFT IN MÜNCHEN;     ;
48259     ;TRANSATLANTIC REINSURANCE COMPANY;     ;
48275     ;ZURICH INSURANCE COMPANY;     ;
48747     ;SWISS REINSURANCE AMERICA CORPORATION;     ;
48879     ;GENERAL REINSURANCE AG;     ;
49000     ;GENERAL INSURANCE CORPORATION OF INDIA;     ;
49131     ;ARCH REINSURANCE LTD.;     ;
49760     ;AMERICAN HOME ASSURANCE COMPANY;     ;
50075     ;SIRIUSPOINT INTERNATIONAL INSURANCE CORPORATION;     ;
50091     ;ARCH INSURANCE COMPANY ;     ;
50121     ;TRANSATLANTIC REINSURANCE COMPANY;     ;
50202     ;SAMSUNG FIRE & MARINE INSURANCE CO., LTD.;     ;
50211     ;LIBERTY MUTUAL INSURANCE EUROPE SE (ANTIGA LIBERTY MUTUAL INSURANCE EUROPE LIMITED);     ;
50326     ;AGEAS SA/NV;     ;
50466     ;CNPC CAPTIVE INSURANCE COMPANY LIMITED;     ;
50598     ;VHV ALLGEMEINE VERSICHERUNG AG;     ;
50601     ;AMERICAN LIFE INSURANCE COMPANY;     ;
50679     ;JOHN HANCOCK LIFE INSURANCE COMPANY (U.S.A);     ;
50768     ;GUARDIAN LIFE OF THE CARIBBEAN LIMITED;     ;
50806     ;AFRICAN REINSURANCE CORPORATION;     ;
50822     ;ALLIANZ GLOBAL CORPORATE & SPECIALTY SE;     ;
50857     ;AGRINATIONAL INSURANCE COMPANY;     ;
50938     ;BALOISE INSURANCE LTD;     ;
51063     ;SEOUL GUARANTEE INSURANCE COMPANY;     ;
51276     ;ODYSSEY REINSURANCE COMPANY;     ;
51411     ;NEW REINSURANCE COMPANY (NOUVELLE COMPAGNIE DE RÉASSURANCES);     ;
51438     ;HCC INTERNATIONAL INSURANCE COMPANY PLC;     ;
51497     ;EVEREST REINSURANCE COMPANY;     ;
51551     ;ENDURANCE ASSURANCE CORPORATION (ATUAL DENOMINAÇĂO DE ENDURANCE REINSURANCE CORPORATION OF AMERICA);     ;
51578     ;HYUNDAI MARINE & FIRE INSURANCE COMPANY LIMITED;     ;
51586     ;QBE EUROPE SA/NV;     ;
51616     ;EURASIA INSURANCE COMPANY JSC;     ;
51624     ;MAPFRE RE, COMPAŃIA DE REASEGUROS S.A.;     ;
51748     ;R+V VERSICHERUNG AG;     ;
51772     ;CAISSE CENTRALE DE REASSURANCE;     ;
51845     ;FIDELIS UNDERWRITING LIMITED;     ;
51888     ;CONVEX INSURANCE UK LIMITED;     ;
51934     ;ENDURANCE WORLDWIDE INSURANCE LIMITED;     ;
51977     ;NATIONAL LIABILITY & FIRE INSURANCE COMPANY;     ;
52060     ;KOREAN REINSURANCE COMPANY;     ;
52078     ;STARSTONE SPECIALTY INSURANCE COMPANY (ATUAL DENOMINAÇĂO DE TORUS SPECIALTY INSURANCE COMPANY);     ;
52248     ;HOUSTON SPECIALTY INSURANCE COMPANY;     ;
52264     ;RGA REINSURANCE COMPANY;     ;
52272     ;AMTRUST SPECIALTY LIMITED;     ;
52329     ;ECHO REINSURANCE LIMITED;     ;
52434     ;AMLIN EUROPE N.V. (ANTIGA  AMLIN CORPORATE INSURANCE N.V.);     ;
52469     ;XL INSURANCE COMPANY SE (ANTIGA XL INSURANCE COMPANY PLC);     ;
52540     ;VALIDUS REINSURANCE (SWITZERLAND), LTD.;     ;
52558     ;PEERLESS INSURANCE COMPANY;     ;
52671     ;CAFASE ;     ;
52680     ;PLATINUM UNDERWRITERS REINSURANCE INC  (CANCELADO - PORTARIA SUSEP 6.037/2014);     ;
52736     ;INFRASSURE LTD.;     ;
52795     ;NAVIGATORS INSURANCE COMPANY;     ;
52809     ;IF P&C INSURANCE LTD.;     ;
52850     ;CNA INSURANCE COMPANY LIMITED;     ;
52876     ;ATRADIUS REINSURANCE LIMITED;     ;
52922     ;AXA VERSICHERUNGEN AG;     ;
52957     ;MITSUI SUMITOMO INSURANCE COMPANY OF AMERICA;     ;
52965     ;QATAR INSURANCE COMPANY S.A.Q.;     ;
53147     ;GOTHAER ALLGEMEINE VERSICHERUNG AG;     ;
53261     ;LLOYD´S;     ;
53295     ;PARTNERRE AMERICA INSURANCE COMPANY (ANTIGA PARIS RE AMERICA INSURANCE COMPANY);     ;
53384     ;ECCLESIASTICAL INSURANCE OFFICE PLC;     ;
53414     ;EXPORT DEVELOPMENT CANADA;     ;
53473     ;RENAISSANCERE EUROPE AG.;     ;
01007     ;SABEMI SEGURADORA S.A.;     ;
01015     ;ALLIANZ BRASIL SEGURADORA S.A;     ;
01058     ;BRADESCO AUTO/RE COMPANHIA DE SEGUROS ( INATIVA);     ;
01066     ;SEGURADORA PONTUAL;     ;
01091     ;SUIÇA SEGURADORA;     ;
01121     ;YOUSE SEGURADORA S.A.;     ;
01155     ;SPLIT RISK SEGURADORA S.A.;     ;
01261     ;FACTA SEGURADORA S.A. ;     ;
01279     ;SOMBRERO SEGUROS S.A.;     ;
01414     ;BERKLEY INTERNATIONAL DO BRASIL SEGUROS S/A;     ;
01431     ;XL SEGUROS BRASIL S.A.;     ;
01481     ;HDI SEGUROS DO BRASIL S.A.;     ;
01490     ;ESSOR SEGUROS S.A;     ;
01503     ;FM SEGUROS S.A.;     ;
01511     ;LIGGĘRO SEGURADORA S.A.;     ;
01546     ;BP SEGURADORA S.A.;     ;
01554     ;EQ SEGUROS S.A.;     ;
01571     ;HDI GLOBAL SEGUROS S.A;     ;
01589     ;SANTANDER AUTO S.A.;     ;
01601     ;ATENAS SEGURADORA DE DANOS E PESSOAS S.A.;     ;
01619     ;DAYPREV VIDA E PREVIDĘNCIA S.A.;     ;
01627     ;SAFRA SEGUROS GERAIS S.A.;     ;
01741     ;DAYCOVAL SEGUROS S.A.;     ;
01775     ;ACE SEGUROS SOLUÇŐES CORPORATIVAS S.A.;     ;
01805     ;OXXY SEGURADORA S/A;     ;
01848     ;VINCI VIDA E PREVIDĘNCIA S.A.;     ;
01864     ;TAAMIN SEGURADORA S.A.;     ;
01881     ;ARCESP SEGURADORA S.A.;     ;
01929     ;HDI SEGUROS DE AUTOMÓVEIS E BENS S/A  ;     ;
01937     ;COMPREV VIDA E PREVIDĘNCIA S.A.;     ;
01970     ;UNIMED SEGUROS PATRIMONIAIS S.A.;     ;
02020     ;ATRADIUS CRÉDITO Y CAUCIÓN SEGURADORA S.A.;     ;
02054     ;KAPAM SEGURADORA S.A.;     ;
02062     ;LUIZASEG SEGUROS S.A.;     ;
02071     ;AVLA SEGUROS BRASIL S.A.;     ;
02101     ;MONGERAL AEGON SEGUROS E PREVIDĘNCIA S. A.;     ;
02119     ;ARUANA SEGURADORA S. A.;     ;
02135     ;2P SEGUROS S.A.;     ;
02143     ;ASSURANT SEGURADORA SA;     ;
02241     ;JUSTOS SEGUROS S.A.;     ;
02267     ;VOCĘ SEGURADORA S.A.;     ;
02275     ;SEGURADORA ALM S.A.;     ;
02305     ;BTG PACTUAL SEGUROS S.A.;     ;
02321     ;CICLLOS SEGURADORA S.A.;     ;
02437     ;BTG PACTUAL SEGURADORA S.A.;     ;
02461     ;AUSTRAL SEGURADORA S.A.;     ;
02534     ;EFEITO SEGURADORA VIDA E PREVIDENCIA S.A.;     ;
02542     ;OMINT SEGUROS SA;     ;
02551     ;CONECTA SEGURADORA S.A.;     ;
02577     ;COBUCCIO SEGUROS S.A.;     ;
02607     ;FELSEN SEGURADORA S.A.;     ;
02674     ;ZENPLA SEGUROS S.A.;     ;
02682     ;BTG PACTUAL VIDA E PREVIDĘNCIA S.A.;     ;
02721     ;CRÉDITO Y CAUCIÓN SEGURADORA DE CRÉDITO Ŕ EXPORTAÇĂO S.A.;     ;
02739     ;AGĘNCIA BRASILEIRA GESTORA DE FUNDOS GARANTIDORES E GARANTIAS S.A. – ABGF;     ;
02747     ;GALÁPAGOS CAPITAL SOCIEDADE SEGURADORA DE PROPÓSITO ESPECÍFICO S.A.;     ;
02763     ;CESCEBRASIL SEGUROS DE CRÉDITO S.A.;     ;
02771     ;SUDASEG SEGURADORA DE DANOS E PESSOAS S.A. ;     ;
02798     ;AKAD SEGUROS S.A.;     ;
02801     ;UNIĂO SEGURADORA S.A. - VIDA E PREVIDĘNCIA ;     ;
02852     ;AXA SEGUROS S.A.;     ;
02879     ;COMPREV SEGURADORA S.A.;     ;
02895     ;ALFA PREVIDĘNCIA E VIDA S.A.;     ;
02925     ;VOLTS SEGURADORA S.A.;     ;
02933     ;CARDIF DO BRASIL SEGUROS E GARANTIAS S.A.;     ;
02950     ;SANCOR SEGUROS DO BRASIL S.A.;     ;
02968     ;GAZIN SEGUROS S.A.;     ;
03034     ;ECC DO BRASIL PARTICIPAÇŐES S.A. (ATUAL DENOMINAÇĂO DE ECC DO BRASIL CIA DE SEGUROS);     ;
03069     ;POTTENCIAL SEGURADORA S.A.;     ;
03093     ;CONSÓRCIO DO SEGURO DPVAT;     ;
03123     ;VERBIN SEGUROS S/A;     ;
03140     ;PREVIMIL VIDA E PREVIDĘNCIA S.A.;     ;
03166     ;METLIFE VIDA E PREVIDĘNCIA S.A.   ;     ;
03182     ;ITAU SEGUROS DE AUTO E RESIDĘNCIA S.A.;     ;
03221     ;ANDRINA SOCIEDADE SEGURADORA DE PROPOSITO ESPECIFICO S.A;     ;
03263     ;PIER SEGURADORA S.A.;     ;
03271     ;SEGURADORA LÍDER DO CONSÓRCIO DO SEGURO DPVAT S.A.;     ;
03298     ;MAPFRE PREVIDĘNCIA S.A.;     ;
03301     ;HERVAL SEGURADORA S.A. ;     ;
03328     ;COFACE DO BRASIL SEGUROS DE CRÉDITO S/A;     ;
03387     ;ANGELUS SEGUROS S.A.;     ;
03417     ;BMG SEGURADORA S.A.;     ;
03476     ;XS3 SEGUROS S.A.;     ;
03531     ;ZEMA SEGUROS S.A. ;     ;
03603     ;SIMPLE2U SEGUROS S.A.;     ;
03638     ;SKY SEGURADORA S.A. - MICROSSEGURADORA;     ;
03646     ;EZZE SEGUROS S.A.;     ;
03654     ;SICOOB SEGURADORA DE VIDA E PREVIDĘNCIA S.A.;     ;
03671     ;USEBENS SEGUROS S.A.;     ;
03727     ;FAIRWAY SEGUROS S.A. ;     ;
03786     ;ARCA SEGURADORA S.A;     ;
03794     ;BS2 SEGUROS S.A.;     ;
03816     ;REAL SEGUROS VIDA E PREVIDĘNCIA S.A. (ATUAL DENOMINAÇĂO DE REAL TOKIO MARINE VIDA E PREVIDĘNCIA S.A.);     ;
03956     ;FAM SEGURADORA DE CRÉDITO E GARANTIA S.A.;     ;
03964     ;LIBERTY MUTUAL SURETY BRASIL SEGUROS S.A. ;     ;
04031     ;XP VIDA E PREVIDĘNCIA S.A.;     ;
04111     ;JNS SEGURADORA S.A.;     ;
04120     ;88I SEGURADORA DIGITAL S.A.;     ;
04189     ;PO SEGURADORA S.A.;     ;
04227     ;STG SEGUROS S.A.;     ;
04251     ;CAPEMISA SEGURADORA DE VIDA E PREVIDĘNCIA S/A;     ;
04359     ;EULER HERMES SEGUROS S.A.;     ;
04367     ;PRUDENTIAL DO BRASIL SEGUROS S.A.;     ;
04383     ;180 SEGUROS S.A.;     ;
04421     ;XS2 VIDA E PREVIDĘNCIA S.A.;     ;
04481     ;DASSEG SEGUROS S.A.;     ;
04537     ;DARWIN SEGUROS S.A.;     ;
04561     ;BRASILPREV NOSSO FUTURO SEGUROS E PREVICĘNCIA S.A. (ATUAL DENOMINAÇĂO DE MAPFRE NOSSA CAIXA VIDA E PREVIDĘNCIA S.A.);     ;
04570     ;IZA SEGURADORA S.A.;     ;
04600     ;BVIX SEGURADORA SA;     ;
04618     ;ITAÚ UNIBANCO SEGUROS CORPORATIVOS S.A. (INATIVA);     ;
04634     ;PATER SEGUROS S.A.;     ;
04669     ;FAIRFAX BRASIL SEGUROS CORPORATIVOS S.A;     ;
06076     ;MUNDIAL SEGURADORA S/A;     ;
06084     ;MBM SEGURADORA S.A.;     ;
06092     ;NOVO HAMBURGO CIA. DE SEGUROS GERAIS;     ;
06106     ;KIRTON SEGUROS S.A.;     ;
06114     ;ITATIAIA SEGUROS S/A;     ;
06122     ;FATOR SEGURADORA S/A ;     ;
06149     ;TREVO S/A SEGUROS E PREVIDĘNCIA PRIVADA;     ;
06157     ;ZURICH BRASIL VIDA E PREVIDĘNCIA S.A.;     ;
06165     ;SEGURADORA MINEIRA S.A.;     ;
06181     ;BRASILVEÍCULOS COMPANHIA DE SEGUROS;     ;
06190     ;TOKIO MARINE SEGURADORA S.A. ;     ;
06203     ;ZURICH BRASIL SEGUROS S.A.;     ;
06211     ;ALIANÇA DO BRASIL SEGUROS S.A;     ;
06220     ;SUL AMÉRICA SEGUROS DE PESSOAS E PREVIDĘNCIA S.A.;     ;
06238     ;MAPFRE SEGUROS GERAIS S.A.;     ;
06246     ;SUL AMÉRICA AETNA SEGUROS E PREVIDĘNCIA S/A;     ;
06271     ;SUDAMERIS VIDA E PREVIDĘNCIA S/A  ;     ;
06289     ;AUREA SEGURADORA;     ;
06297     ;AIG LIFE COMPANHIA DE SEGUROS ;     ;
06301     ;RIO GRANDE SEGUROS E PREVIDĘNCIA S.A.;     ;
06319     ;COMPANHIA REAL DE SEGUROS;     ;
06335     ;SEGURADORA BRASILEIRA DE CRÉDITO Ŕ EXPORTAÇĂO S.A.;     ;
06343     ;SOL DE SEGUROS S.A;     ;
06351     ;METROPOLITAN LIFE SEGUROS E PREVIDĘNCIA ;     ;
06360     ;KYOEI DO BRASIL COMPANHIA DE SEGUROS;     ;
06378     ;VIDA SEGURADORA S.A.;     ;
06386     ;ATLANTICA SEGUROS S/A;     ;
06394     ;ITAUPREV VIDA E PREVIDĘNCIA S/A ;     ;
06408     ;CIGNA COMPANHIA DE SEGUROS;     ;
06416     ;YASUDA SEGUROS S.A.;     ;
06432     ;NATIONALE NEDERLANDEN LEVENSVERZEKERING;     ;
06441     ;SAFRA SEGURADORA S.A.;     ;
06459     ;CIA DE SEGUROS TRANQUILIDADE- BRASIL;     ;
06467     ;ALFA SEGURADORA S.A.;     ;
06475     ;SUL AMERICA AETNA CIA.NACIONAL DE SEGUROS E  PREVIDĘNCIA;     ;
06483     ;XL INSURANCE (BRAZIL) SEGURADORA S/A;     ;
06491     ;ALVORADA VIDA S.A.;     ;
06505     ;BRASLUZITANA;     ;
06513     ;CHUBB SEGUROS BRASIL S.A.;     ;
06530     ;VIRGINIA SURETY COMPANHIA DE SEGUROS DO BRASIL ;     ;
06548     ;CARDIF DO BRASIL VIDA E PREVIDĘNCIA S/A;     ;
06556     ;SUL AMERICA SEGUROS GERAIS S/A;     ;
06564     ;ZURICH SANTANDER BRASIL SEGUROS S.A.;     ;
06572     ;HDI SEGUROS S.A.;     ;
06602     ;MITSUI SUMITOMO SEGUROS S.A.;     ;
06611     ;BEMGE SEGURADORA S/A;     ;
06637     ;INTER-CONTINENTAL SEGURADORA S/A;     ;
06645     ;CIA REAL BRASILEIRA DE SEGUROS          ;     ;
06653     ;TOO SEGUROS S.A.;     ;
06661     ;NOVA YORK CIA DE SEGUROS;     ;
06670     ;VISCONDE DE ITABORAÍ COMPANHIA DE SEGUROS GERAIS;     ;
06688     ;COMPANHIA DE SEGUROS DO ESTADO DE SĂO PAULO - COSESP;     ;
06696     ;AXA XL SEGUROS S.A.;     ;
06718     ;MAPFRE SEGURADORA DE CRÉDITO Ŕ EXPORTAÇĂO S.A.;     ;
06726     ;RIO BRANCO SEGURADORA S/A.;     ;
06734     ;AIG BRASIL COMPANHIA DE SEGUROS  ( INATIVA);     ;
06742     ;COMPANHIA COLINA DE SEGUROS;     ;
06751     ;SEGUROS SURA S.A.;     ;
06769     ;UBF GARANTIAS & SEGUROS S.A.;     ;
06785     ;BRASILSEG COMPANHIA DE SEGUROS;     ;
06793     ;GENTE SEGURADORA S.A.;     ;
06823     ;LIDERANÇA SEGURADORA S/A;     ;
06831     ;SINAF SEGUROS S.A.;     ;
06840     ;UNIBANCO AIG PREVIDĘNCIA S/A;     ;
06858     ;MAPFRE AFFINITY SEGURADORA S.A.;     ;
06866     ;BRADESCO VIDA E PREVIDĘNCIA S.A.;     ;
06874     ;SANTANDER BRASIL SEGUROS S/A - INATIVA;     ;
06882     ;COMPANHIA GERAL DE SEGUROS;     ;
06904     ;SOMA SEGURADORA S/A;     ;
06912     ;ITAUSEG SEGURADORA S.A.;     ;
06939     ;SEGURADORA SEASUL S.A.;     ;
06947     ;UNIMED SEGURADORA S.A.;     ;
06955     ;COMPANHIA DE SEGUROS GRALHA AZUL;     ;
06971     ;GOLDEN CROSS SEGURADORA  S/A;     ;
06980     ;NOTRE DAME SEGURADORA S.A.;     ;
06998     ;CESCEBRASIL SEGUROS DE GARANTIAS E CRÉDITO S.A.;     ;
07013     ;PARANÁ COMPANHIA DE SEGUROS (INAT);     ;
07048     ;COMPANHIA DE SEGUROS SUL AMERICANA INDUSTRIAL S/A;     ;
07323     ;SĂO PAULO SEGUROS S/A;     ;
07340     ;SEGURADORA AGROBANCO;     ;
07382     ;FIDUCIA-COMPANHIA DE SEGUROS GERAIS;     ;
08001     ;MARÍTIMA SAÚDE SEGUROS S/A;     ;
08028     ;GRALHA AZUL SAÚDE S/A;     ;
08036     ;ITAUSEG SAÚDE S/A;     ;
08044     ;PORTO SEGURO-SEGURO SAÚDE S/A;     ;
08052     ;SALUTAR SEGURADORA S/A;     ;
08141     ;CAIXA VIDA E PREVIDĘNCIA S.A.;     ;
08702     ;SUD AMERICA;     ;
08737     ;AIG SEGUROS BRASIL S.A.;     ;
08826     ;AMAZONAS SEGURADORA S/A;     ;
09938     ;SAFRA VIDA E PREVIDĘNCIA S.A. ;     ;
09989     ;BANCO NACIONAL DA HABITAÇĂO;     ;
10014     ;ACVAT- PREVIDENCIA S.A.;     ;
10031     ;VIVER PREVIDĘNCIA;     ;
10081     ;NEWPREV PREVIDĘNCIA PRIVADA S.A.;     ;
10103     ;ARCESP PREVIDĘNCIA PRIVADA;     ;
10120     ;EQUATORIAL PREVIDĘNCIA COMPLEMENTAR;     ;
10138     ;BAMÉRCIO S.A. PREVIDĘNCIA PRIVADA;     ;
10154     ;BBM-BRASIL PREVIDĘNCIA  PRIVADA  S/A;     ;
10235     ;CAPEMI-CX.PEC.PENS.E MONTEP.-BENEFICENTE;     ;
10332     ;COIFA PECÚLIOS E PENSŐES;     ;
10367     ;CREFISUL PREVIDĘNCIA PRIVADA S.A.        ;     ;
10413     ;FAMILIA BANDEIRANTE PREVIDĘNCIA PRIVADA ;     ;
10634     ;MONGERAL PREVIDĘNCIA PRIVADA;     ;
10669     ;RS PREVIDĘNCIA;     ;
10677     ;ARC PREVIDĘNCIA PRIVADA;     ;
10707     ;MBM PREVIDĘNCIA COMPLEMENTAR;     ;
10847     ;PREVIMIL PREVIDĘNCIA COMPLEMENTAR S.A.;     ;
10898     ;RECÍPROCA ASSISTĘNCIA;     ;
10901     ;SABEMI PREVIDĘNCIA PRIVADA;     ;
10961     ;PREVICORP PREVIDĘNCIA PRIVADA;     ;
10979     ;AUXILIADORA PREVIDĘNCIA;     ;
10987     ;SOCIEDADE CAXIENSE DE MÚTUO SOCORRO - PREVIDĘNCIA PRIVADA;     ;
11029     ;UNIĂO DE PREVIDĘNCIA S.A.;     ;
11037     ;SUL AMERICA PREVIDENCIA PRIVADA S/A     ;     ;
11045     ;BRASILPREV PREVIDĘNCIA PRIVADA S/A.(dados até Maio/2002);     ;
11070     ;COMPREV PREVIDĘNCIA S.A. (ATUAL DENOMINAÇĂO DE UNIĂO PREVIDENCIÁRIA COMETA DO BRASIL);     ;
11088     ;FUTURO - PREVIDĘNCIA PRIVADA ;     ;
11096     ;UPOFA - UNIĂO PREVIDENCIAL;     ;
11126     ;HOJE PREVIDĘNCIA PRIVADA;     ;
11134     ;ASPECIR PREVIDĘNCIA;     ;
11304     ;LUTERPREV- ENTIDADE LUTERANA DE PREVIDĘNCIA;     ;
11312     ;PACTUAL PREVID-NCIA PRIVADA S/A         ;     ;
12467     ;MATONE PREVIDĘNCIA PRIVADA S.A.;     ;
14257     ;BP PREVIDĘNCIA PRIVADA S.A.;     ;
14818     ;UNIMED PREVIDĘNCIA PRIVADA S.A.;     ;
15580     ;BMC PREVIDĘNCIA PRIVADA S.A.;     ;
15806     ;THE FUJI FIRE & MARINE INSURANCE CO.;     ;
17400     ;EVIDENCE PREVIDĘNCIA S.A.;     ;
18091     ;BOSTON PREVIDĘNCIA PRIVADA;     ;
19291     ;MAPFRE NOSSA CAIXA VIDA PREVIDĘNCIA S/A;     ;
20141     ;BRASILCAP CAPITALIZAÇĂO S.A.;     ;
20281     ;HORIZONTE CAPITALIZAÇĂO S.A.;     ;
20621     ;BANDEIRANTES S/A CAPITALIZAÇĂO;     ;
20826     ;MONGERAL AEGON CAPITALIZAÇĂO S.A;     ;
21334     ;ICATU CAPITALIZAÇĂO S.A.;     ;
21482     ;UNIBANCO CIA DE CAPITALIZAÇĂO;     ;
21491     ;CAPEMISA CAPITALIZAÇĂO S.A.;     ;
21628     ;VANGUARDACAP CAPITALIZAÇĂO S.A.;     ;
21661     ;CIA. ITAÚ DE CAPITALIZAÇĂO;     ;
21946     ;SUL AMÉRICA CAPITALIZAÇĂO S.A.(INATIVA);     ;
22110     ;ALFA CAPITALIZAÇĂO S.A.;     ;
22268     ;AMÉRICA CAPITALIZAÇĂO S.A.;     ;
22683     ;ZURICH BRASIL CAPITALIZAÇĂO S.A.;     ;
22764     ;CREFICAP CAPITALIZAÇĂO S.A.;     ;
22896     ;ITAÚ CAPITALIZAÇĂO S.A.;     ;
22926     ;BB CAPITALIZAÇĂO S.A.;     ;
23345     ;ATLÂNTICA CAPITALIZAÇĂO S.A.;     ;
23566     ;BRADESCO CAPITALIZAÇĂO S.A.;     ;
24015     ;EXCEL CAPITALIZAÇĂO S/A;     ;
24872     ;XS4 CAPITALIZAÇĂO S.A.;     ;
25429     ;RIO GRANDE CAPITALIZAÇĂO  S.A.;     ;
25585     ;CNP CAPITALIZAÇĂO S/A;     ;
25712     ;REAL CAPITALIZAÇĂO S/A;     ;
25941     ;CAPITALIZA EMPRESA DE CAPITALIZAÇĂO S.A.;     ;
26026     ;LIDERANÇA CAPITALIZAÇĂO S/A;     ;
26158     ;KIRTON CAPITALIZAÇĂO S.A.;     ;
27138     ;MOTRIN CAPITALIZAÇĂO S.A.;     ;
27995     ;HSBC CAPITALIZAÇĂO (BRASIL) S.A.;     ;
28134     ;HSBC FINANCIAL CAPITALIZAÇĂO (BRASIL) S.A.;     ;
28258     ;MAPFRE CAPITALIZAÇĂO S.A.;     ;
28878     ;PORTO SEGURO CAPITALIZAÇĂO S.A.;     ;
28932     ;RIO’S CAPITALIZAÇĂO S.A.;     ;
29319     ;SANTANDER CAPITALIZAÇĂO S.A.;     ;
29521     ;V. R. CAPITALIZAÇĂO S/A;     ;
30074     ;ALLIANZ GLOBAL CORPORATE & SPECIALTY RESSEGUROS BRASIL S.A.;     ;
30201     ;TERRA BRASIS RESSEGUROS S.A.;     ;
31551     ;SCOR BRASIL RESSEGUROS S.A.;     ;
31623     ;IRB BRASIL RESSEGUROS S/A;     ;
32875     ;ZURICH RESSEGURADORA BRASIL S.A.;     ;
33294     ;MAPFRE RE DO BRASIL COMPANHIA DE RESSEGUROS                                                                                 ;     ;
34665     ;XL RESSEGUROS BRASIL S.A.;     ;
34819     ;AUSTRAL RESSEGURADORA S.A.;     ;
36099     ;AXA XL RESSEGUROS S.A.;     ;
37052     ;BTG PACTUAL RESSEGURADORA S.A.;     ;
37729     ;MUNICH RE DO BRASIL RESSEGURADORA S.A.;     ;
37753     ;SOMPO RESSEGURADORA S.A.;     ;
37893     ;FM RESSEGUROS S.A. ;     ;
38253     ;CHUBB RESSEGURADORA BRASIL S.A.;     ;
38270     ;SWISS RE BRASIL RESSEGUROS S/A;     ;
38741     ;AIG RESSEGUROS BRASIL S.A.;     ;
38873     ;JUNTO RESSEGUROS S.A.;     ;
39764     ;AUSTRAL RESSEGUROS ESPECIAIS S.A.;     ;
40096     ;TORUS SPECIALTY INSURANCE COMPANY;     ;
40126     ;XL RE EUROPE SE;     ;
40207     ;ALLIANZ GLOBAL CORPORATE & SPECIALTY SE;     ;
40215     ;MAPFRE RE COMPAŃÍA DE REASEGUROS S.A.;     ;
40851     ;CHUBB TEMPEST REINSURANCE LTD.;     ;
41262     ;SCOR SE;     ;
41416     ;FACTORY MUTUAL INSURANCE COMPANY;     ;
41432     ;ODYSSEY REINSURANCE COMPANY;     ;
41491     ;HANNOVER RÜCK SE;     ;
41629     ;SCOR REINSURANCE COMPANY;     ;
42056     ;ATRADIUS CRÉDITO Y CAUCIÓN S.A. DE SEGUROS Y REASEGUROS;     ;
42307     ;XL INSURANCE COMPANY SE;     ;
42463     ;LLOYD´S;     ;
42684     ;ARGO RE LTD.;     ;
42790     ;SWISS REINSURANCE COMPANY;     ;
42871     ;LIBERTY MUTUAL INSURANCE COMPANY;     ;
42951     ;TRANSAMERICA INTERNATIONAL RE (BERMUDA) LTD.;     ;
43290     ;XL RE LATIN AMERICA LTD. (CANCELADA);     ;
43419     ;STARR INSURANCE & REINSURANCE LIMITED;     ;
44661     ;SCOR GLOBAL LIFE AMERICAS REINSURANCE COMPANY;     ;
53635     ;MMA IARD S.A.;     ;
53651     ;HELVETIA SCHWEIZERISCHE VERSICHERUNGSGESELLSCHAFT AG;     ;
53724     ;AWP HEALTH & LIFE S.A ;     ;
54038     ;DEUTSCHE RUCKVERSICHERUNG AG;     ;
54127     ;AXIS INSURANCE COMPANY;     ;
54186     ;SWISS REINSURANCE AMERICA CORPORATION;     ;
54381     ;LIBERTY MUTUAL INSURANCE COMPANY;     ;
54488     ;CHUBB EUROPEAN GROUP SE;     ;
54534     ;SI INSURANCE (EUROPE) S.A.;     ;
54569     ;NOVA CASIOPEA RE S.A.;     ;
54666     ;ACE PROPERTY AND CASUALTY INSURANCE COMPANY;     ;
54810     ;MUNCHENER RUCKVERSICHERUNGS-GESSELLSCHAFT AKT. IN MUNCHEN;     ;
54925     ;TOKIO MARINE & NICHIDO FIRE INSURANCE CO.,LTD.;     ;
54933     ;THE NEW INDIA ASSURANCE COMPANY LTD.;     ;
54950     ;ASSICURAZIONI GENERALI S.P.A.;     ;
54984     ;SCOR GLOBAL P&C SE;     ;
55000     ;HOUSTON CASUALTY COMPANY;     ;
55042     ;SWISS RE CORPORATE SOLUTIONS AMERICA INSURANCE CORPORATION;     ;
55093     ;MAPFRE GLOBAL RISKS, COMPAŃIA INTERNACIONAL DE SEGUROS Y REASEGUROS S.A;     ;
55409     ;XL SPECIALTY INSURANCE COMPANY;     ;
55425     ;MS AMLIN AG;     ;
55433     ;IF P&C INSURANCE COMPANY LTD.;     ;
55514     ;NORWEGIAN HULL CLUB;     ;
55549     ;UNIPOLSAI ASSICURAZIONI S.P.A.;     ;
55573     ;HDI GLOBAL SE (ATUAL DENOMINAÇĂO DE HDI-GERLING INDUSTRIE VERSICHERUNG AG);     ;
55662     ;ACHMEA REINSURANCE COMPANY N.V.;     ;
55701     ;INSURANCE COMPANY OF GAZ INDUSTRY SOGAZ;     ;
55735     ;PARIS RE S.A.;     ;
55760     ;DELTA LLOYD SCHADEVERZEKERING N.V.;     ;
55875     ;COMPAŃIA ESPAŃOLA DE SEGUROS DE CRÉDITO A LA EXPORTACIÓN, SA.;     ;
55891     ;DELCREDERE/DUCROIRE;     ;
55921     ;SOMPO JAPAN INSURANCE INC.(ATUAL DENOMINAÇĂO DE SOMPO JAPAN NIPPONKOA INSURANCE INC);     ;
55956     ;AVIVA INSURANCE LIMITED;     ;
56090     ;AXA FRANCE IARD;     ;
56120     ;BERKSHIRE HATHAWAY INTERNATIONAL INSURANCE LIMITED;     ;
56235     ;STARR INTERNATIONAL (EUROPE) LIMITED;     ;
56286     ;ALLIED WORLD ASSURANCE COMPANY (REINSURANCE) PLC (ANTIGA ALLIED WORLD ASSURANCE COMPANY (REINSURANCE) LIMITED);     ;
56448     ;REASEGURADORA PATRIA S.A.;     ;
56502     ;EULER HERMES NORTH AMERICA INSURANCE COMPANY;     ;
56553     ;GENERAL REINSURANCE AG.;     ;
56561     ;AWP P&C S.A.(ANTIGA AGA INTERNATIONAL S.A).;     ;
56723     ;GENERALI ITALIA S.P.A.;     ;
56766     ;ASPEN INSURANCE UK LIMITED;     ;
56812     ;AXA FRANCE VIE;     ;
56847     ;W.R. BERKLEY INSURANCE (EUROPE) LIMITED;     ;
56898     ;AXIS REINSURANCE COMPANY;     ;
56901     ;FEDERAL INSURANCE COMPANY;     ;
56928     ;AXA GLOBAL RE (ANTIGA AXA GLOBAL P&C);     ;
56961     ;TALANX AG;     ;
57002     ;MSIG EUROPE SE (NOVA DENOMINAÇĂO DE MS AMLIN INSURANCE SE);     ;
57029     ;ENEL REINSURANCE - COMPAGNIA DI RIASSICURAZIONE S.P.A;     ;
57053     ;SIRIUS AMERICA INSURANCE COMPANY (ATUAL DENOMINAÇĂO DA WHITE MOUNTAINS REINSURANCE COMPANY OF AMERICA);     ;
57088     ;SWISS RE FRANKONA RÜCKVERSICHERUNGS-AKTIENGESELLSCHAFT;     ;
57134     ;ATRADIUS CRÉDITO Y CAUCIÓN S.A. DE SEGUROS Y REASEGUROS;     ;
57398     ;MARKEL INTERNATIONAL INSURANCE COMPANY LIMITED;     ;
57401     ;AXA VERSIGHERUNG AG ;     ;
57461     ;SCHWEIZERISCHE NATIONAL - VERSICHERUNGS - GESELLSCHAFT AG ( INATIVA );     ;
57495     ;SWISS RE EUROPE S.A.;     ;
57631     ;ASSURANCEFORENINGEN SKULD (GJENSIDIG);     ;
57665     ;TOKIO MARINE KILN INSURANCE LIMITED;     ;
57703     ;GENERAL INSURANCE CORPORATION OF INDIA;     ;
57720     ;HANNOVER RÜCKVERSICHERUNG AG;     ;
57746     ;AXA CORPORATE SOLUTIONS ASSURANCE;     ;
57754     ;COFACE RE S.A.;     ;
57843     ;TRAVELERS CASUALTY AND SURETY COMPANY OF AMERICA;     ;
57894     ;CONTINENTAL CASUALTY COMPANY;     ;
57959     ;SWISS RE CORPORATE SOLUTIONS LTD.;     ;
58050     ;ALLIANZ  SE;     ;
58076     ;THE TOA REINSURANCE COMPANY OF AMERICA;     ;
58173     ;IRONSHORE SPECIALTY INSURANCE COMPANY;     ;
58181     ;ARCH REINSURANCE COMPANY;     ;
58254     ;AMERICAN HOME ASSURANCE COMPANY;     ;
58271     ;TOKIO MILLENNIUM RE (UK) LIMITED (NOVA DENOMINAÇĂO DE TOKIO MARINE GLOBAL LTD.);     ;
58360     ;OMNIUM REINSURANCE COMPANY S.A.;     ;
58378     ;ALLIED WORLD ASSURANCE COMPANY (EUROPE) LIMITED (ANTIGA ALLIED WORLD ASSURANCE COMPANY (EUROPE) PUBLIC LIMITED COMPANY);     ;
58645     ;SOLEN VERSICHERUNGEN AG;     ;
58661     ;GENERALI ESPAŃA, S.A. DE SEGUROS Y REASEGUROS;     ;
58742     ;ODYSSEY AMERICA REINSURANCE CORPORATION;     ;
58777     ;GLACIER REINSURANCE AG;     ;
58807     ;AXA SA;     ;
58815     ;AXIS RE LIMITED;     ;
58840     ;UNIPOL ASSICURAZIONI S.P.A;     ;
58874     ;ZURICH INSURANCE COMPANY;     ;
58921     ;UNITED STATES FIRE INSURANCE COMPANY;     ;
58963     ;GENERALI ESPAŃA DE SEGUROS Y REASEGUROS, S.A.;     ;
58998     ;FIDELIDADE - COMPANHIA DE SEGUROS S.A.;     ;
59005     ;SCOR SE;     ;
59048     ;SAVA REINSURANCE COMPANY D.D.;     ;
59137     ;SCOR SWITZERLAND AG;     ;
59226     ;AXA XL  INSURANCE COMPANY UK LIMITED;     ;
59277     ;ENEL INSURANCE N.V.;     ;
59536     ;COMPAGNIE FRANÇAISE D'ASSURANCE POUR LE COMMERCE EXTÉRIEUR - COFACE;     ;
59552     ;KB INSURANCE COMPANY LIMITED (ANTIGA LIG INSURANCE COMPANY LIMITED);     ;
59609     ;SEGUROS INBURSA, S.A.;     ;
59641     ;CONVEX INSURANCE UK LIMITED;     ;
59765     ;FACTORY MUTUAL INSURANCE COMPANY;     ;
59803     ;WESTPORT INSURANCE CORPORATION;     ;
59889     ;FM INSURANCE COMPANY LIMITED;     ;
59986     ;ZURICH INSURANCE PUBLIC LIMITED COMPANY;     ;
67407     ;IBRACOR;     ;
70076     ;MEXBRIT BRASIL CORRETORA DE RESSEGUROS LTDA.;     ;
70092     ;LOCKTON RE BRASIL CORRETORA DE RESSEGUROS LTDA;     ;
70203     ;CIRCLES GROUP BRASIL CORRETORA DE RESSEGURO S.A;     ;
70211     ;PWS BRASIL CORRETORA DE RESSEGUROS LTDA;     ;
70858     ;GUY CARPENTER & COMPANY CORRETORA DE RESSEGUROS LTDA.;     ;
70939     ;NAUSCH HOGAN & MURRAY BRASIL CORRETORA DE RESSEGUROS LTDA;     ;
71269     ;BKS RE - CORRETORA DE RESSEGUROS LTDA.;     ;
71412     ;GALLAGHER BRASIL  CORRETORA DE RESSEGUROS LTDA.;     ;
71439     ;MILLER DO BRASIL CORRETORA DE RESSEGUROS LTDA.;     ;
71498     ;ARTHUR J. GALLAGHER BRASIL CORRETORA DE RESSEGUROS LTDA.;     ;
71625     ;CARPENTER MARSH FAC BRASIL CORRETORA DE RESSEGUROS LTDA.;     ;
72460     ;GLOBAL RISK BRASIL CORRETORA DE RESSEGUROS LTDA;     ;
72796     ;ESPECIALIZADA RE CORRETORA DE RESSEGUROS;     ;
72877     ;CORMATT - CORRETORA DE RESSEGUROS LTDA.;     ;
72958     ;ARX-RE CORRETORA DE RESSEGUROS LTDA;     ;
73067     ;KNW BROKERS CORRETORA DE RESSEGUROS LTDA. (ANTIGA AFL BRAZIL CORRETORA DE RESSEGUROS LTDA.);     ;
73296     ;BRISK RE CORRETORA DE RESSEGUROS LTDA.;     ;
73415     ;ARG BRASIL CORRETORA DE RESSEGUROS LTDA;     ;
74381     ;ONEGLOBAL BRASIL CORRETORA DE RESSEGUROS LTDA;     ;
74667     ;LOCKTON RE CORRETORA DE RESSEGUROS LTDA;     ;
74811     ;UIB RE BRASIL CORRETORA DE RESSSEGUROS LTDA;     ;
74926     ;ASSURE INTERNACIONAL CORRETAGEM DE RESSEGUROS LTDA;     ;
74934     ;BTG PACTUAL CORRETORA DE RESSEGUROS LTDA.;     ;
74951     ;LENIX RE DO BRASIL CORRETORA DE RESSEGUROS LTDA;     ;
75001     ;CATALYST RE CORRETORA DE RESSEGUROS LTDA.;     ;
75434     ;WILLIS CORRETORA DE RESSEGUROS LTDA.;     ;
75574     ;SAVE-RE BRASIL CORRETORA DE RESSEGUROS LTDA.;     ;
75663     ;CONNEXUS CORRETAGEM E CONSULTORIA EM RESSEGURO LTDA;     ;
75761     ;BESSO RE BRASIL CORRETORA DE RESSEGUROS LTDA.;     ;
75825     ;QUALISEG BRASIL RE CORRETORA DE RESSEGUROS LTDA;     ;
75922     ;NMB BRASIL CORRETORA DE RESSEGUROS LTDA;     ;
75957     ;INTER CORRETORA DE RESSEGUROS LTDA.;     ;
76236     ;BMS BRASIL CORRETORA DE RESSEGUROS LTDA;     ;
76503     ;HOWDEN RE CORRETORA DE RESSEGUROS LTDA. ;     ;
76554     ;ALBATROZ CORRETORA DE RESSEGUROS LTDA;     ;
76767     ;ALPER RE CORRETORA DE RESSEGUROS LTDA.(EX-C6 SEG DO BRASIL CORRETORA DE RESSEGUROS LTDA.);     ;
77003     ;BRAZIL RE CORRETORA DE RESSEGUROS LTDA.;     ;
77054     ;HOWDEN CORRETORA DE RESSEGUROS LTDA;     ;
77089     ;BRIB CORRETORA DE RESSEGUROS LTDA;     ;
77402     ;TRUSTER BRASIL CORRETAGEM DE RESSEGUROS LTDA.;     ;
77704     ;U.S. RE DO BRASIL CORRETORA DE RESSEGUROS LTDA.;     ;
77721     ;BENFIELD DO BRASIL CORRETORA DE RESSEGUROS LTDA.;     ;
77747     ;GALLAGHER RE LATIN AMERICA CORRETORA DE RESSEGUROS LTDA.;     ;
77895     ;GALCORR CORRETORA DE RESSEGUROS LTDA;     ;
78182     ;MADALOZZO RE CORRETORA DE RESSEGUROS LTDA.;     ;
78255     ;PECUS CORRETORA DE RESSEGUROS LTDA;     ;
78271     ;JLT RE BRASIL ADMINISTRAÇĂO E CORRETAGEM DE RESSEGUROS LTDA;     ;
78743     ;AON BRASIL CORRETORA DE RESSEGUROS LTDA. (ANTIGA AON BENFIELD BRASIL CORRETORA DE RESSEGUROS LTDA.);     ;
78778     ;ORYPABA RIO ADMINISTRAÇĂO E CORRETAGEM DE RESSEGUROS LTDA;     ;
78816     ;INTER AEROSPACE CORRETORA DE SEGUROS LTDA.;     ;
78875     ;CAPITAL RE CORRETORA DE RESSEGUROS E SERVIÇOS LTDA.;     ;
78999     ;ACRISURE BRASIL CORRETORA DE RESSEGUROS LTDA.;     ;
79006     ;LOCKTON RE BRASIL CORRETORA DE RESSEGUROS LTDA;     ;
79553     ;PROMASS CORRETORA DE RESSEGUROS LTDA;     ;
79766     ;MDS RE CORRETORA DE RESSEGUROS LTDA.;     ;
79863     ;LATIN AMERICA RE ADMINISTRAÇĂO E CORRETAGEM DE RESSEGUROS LTDA.;     ;
90000     ;CIA RENASCENÇA DE SEGUROS;     ;
90001     ;BRASIL LIBANO CIA DE SEGUROS GERAIS;     ;
90002     ;METROPOLE CIA NACIONAL DE SEGUROS DE ACIDENTES DE TRABALHO S/A;     ;
90003     ;ANCHIETA CIA DE SEGUROS GERAIS;     ;
90004     ;CIA NORDESTE DE SEGUROS;     ;
90005     ;CIA NACIONAL DE SEGUROS IPIRANGA;     ;
90006     ;CIA DE SEGUROS MARITMO E TERRESTRE INTEGRIDADE;     ;
90007     ;ALIANÇA RIO GRANDENSE DE SEGUROS GERAIS;     ;
90008     ;BRASILUSITANA CIA NACIONAL DE SEGUROS GERAIS;     ;
90009     ;CIA DE SEGUROS VITORIA;     ;
90010     ;MAUÁ CAPITALIZAÇĂO S/A;     ;
90011     ;CIA URBANIA DE CAPITALIZAÇĂO S/A;     ;
90013     ;CIA PRUDENCIA DE CAPITALIZAÇĂO;     ;
90014     ;CIA SATURNIA CAPITALIZAÇĂO S/A;     ;
90015     ;PRUDENTIAL ASSURANCE CIA LIMITED;     ;
90016     ;PEAR ASSURANCE CIA LIMITED;     ;
90017     ;CIA DE SEGUROS MAR. E TER. NIĂO FLUMINENSE;     ;
90018     ;CIA UBM DE SEGURIDADE SOCIAL;     ;
90019     ;UNIĂO AMERICANA DE CAPITALIZAÇĂO S/A;     ;
90020     ;CIA VERA CRUZ;     ;
90021     ;SEGURANÇA INDUSTRIAL CIA NACIONAL DE SEGUROS;     ;
90022     ;CIA LEGAL AND GENERAL ASSURANCE SOCIETE LIMITED;     ;
90023     ;CIA RIO GRANDENSE;     ;
90024     ;CIA ESTADOS UNIDOS DE SEGUROS;     ;
90025     ;CIA EQUITATIVA DOS ESTADOS UNIDOS DO BRASIL;     ;
90026     ;ASSOCIAÇĂO BRASILEIRA DE PECULIOS-UNIĂO;     ;
90027     ;PROTETORA-CIA SEG CONTRA ACID DE TRABALHO;     ;
90028     ;CIA SEGURADORA DOS PROPRIETÁRIOS DO BRASIL;     ;
90030     ;MONTEPIO NACIONAL DOS BANCÁRIOS;     ;
90031     ;CIA INTERNACIONAL DE PREVIDĘNCIA PRIVADA;     ;
90032     ;INTERESTADUAL DE SEGUROS S/A;     ;
90033     ;CIA REAL DE SEGUROS;     ;
90034     ;PLANALTO CIA DE SEGUROS GERAIS;     ;
90035     ;COLUMBIA CIA NACIONAL DE SEGUROS GERAIS;     ;
90036     ;CIA DE SEGUROS UNIĂO NACIONAL S/A;     ;
90037     ;INSTITUTO BRASILEIRO DE PREVIDĘNCIA PRIVADA S/A - IBRAPP;     ;
90038     ;RENDA S/A DE APOSENTADORIA E PENSĂO;     ;
90040     ;CRUZEIRO DO SUL CAPITALIZAÇĂO;     ;
90041     ;MONTEVAN MONTEPIO BRASILEIRO;     ;
90042     ;CIA LIVERPOOL AND LONDON AND GLOBO INC. CO. LIMIT;     ;
90043     ;COLONIAL CIA NACIONAL DE SEGUROS GERAIS;     ;
90044     ;CIA INSS DE SEGURIDADE SOCIAL;     ;
90045     ;ARSEG-ASSOCIAÇĂO REEMBOLSÁVEL DE SEGURIDADE;     ;
90046     ;PROVIDA S/A PREVIDĘNCIA PRIVADA;     ;
90047     ;MONTEPAR SOCIEDADE PREVIDENCIARIA;     ;
90048     ;SABEMI SOCIEDADE DE APOSENTADORIA DE BENEFICĘNCIA;     ;
90049     ;SDB COMPANHIA DE SEGUROS GERAIS;     ;
90050     ;CIA INTERCONTINENTAL DE CAPITALIZAÇĂO;     ;
90051     ;CAP PREVIDĘNCIA PRIVADA S/A;     ;
90052     ;EQUITATIVA TERRESTRES ACIDENTES E TRANSPORTES;     ;
90053     ;EXSIPREV SISTEMA NACIONAL DE PREVIDĘNCIA PRIVADA;     ;
90054     ;CIA COLINA DE SEGUROS;     ;
90055     ;SEGURADORA PONTUAL S/A;     ;
90056     ;UNIĂO AMERICANA DE CAPITALIZAÇĂO;     ;
90057     ;URBANO CAPITALIZAÇĂO;     ;
90058     ;PATRIMONIAL DE SEGUROS GERAIS;     ;
10448     ;GBOEX - GREMIO BENEFICENTE;     ;
06173     ;KOVR PREVIDĘNCIA S.A;     ;
06921     ;KOVR SEGURADORA S.A.;     ;
21318     ;KOVR CAPITALIZAÇĂO S.A.;     ;
23540     ;VIA CAPITALIZAÇĂO S.A.;     ;
24813     ;APLICAP CAPITALIZAÇĂO S.A;     ;
25003     ;COMPANHIA URANO DE CAPITALIZAÇĂO;     ;
06963     ;GNPP SEGURADORA S/A;     ;
10740     ;MONTEVAN PREVIDENCIA PRIVADA S/A (ATUAL CDI-CIA DE INVESTIMENTOS E PARTICIPAÇŐES);     ;
10855     ;COMPANHIA INTERNACIONAL DE PREVIDĘNCIA PRIVADA;     ;
03948     ;SEGURADORA SA INFINITE;     ;
05053     ;CONFIANÇA CIA DE SEGUROS;     ;
05754     ;NOBRE SEGURADORA DO BRASIL S.A.;     ;
05967     ;AVS SEGURADORA S/A;     ;
16764     ;MONTEPIO MFM ;     ;
21881     ;INTERUNION CAPITALIZAÇĂO S.A.;     ;
07056     ;COMPANHIA CENTRAL DE SEGUROS;     ;
90039     ;CIA CENTRAL DE SEGUROS;     ;
01147     ;FEDERAL VIDA E PREVIDĘNCIA S.A.;     ;
05002     ;FEDERAL DE SEGUROS S.A.;     ;
05223     ;GNPP - PROVIDA SEGURADORA S/A;     ;
05231     ;BCS SEGUROS S.A.;     ;
05291     ;SĂO PAULO CIA NACIONAL DE SEGUROS GERAIS;     ;
05304     ;COMPANHIA INTERNACIONAL DE SEGUROS;     ;
05347     ;EDEL SEGURADORA S.A.                    ;     ;
05428     ;MARTINELLI SEGURADORA S/A;     ;
05525     ;INTERBRAZIL SEGURADORA S/A;     ;
05576     ;CRUZEIRO DO SUL - COMPANHIA SEGURADORA;     ;
05762     ;SANTOS CIA DE SEGUROS;     ;
05771     ;COMPANHIA INTERESTADUAL DE SEGUROS;     ;
05860     ;CATARINENSE DE SEGUROS S/A;     ;
05878     ;SULINA SEGURADORA S/A;     ;
05959     ;SEGURANÇA CIA DE SEGUROS E PREVIDENCIA  ;     ;
06025     ;CARIOCA SEGURADORA S/A;     ;
06050     ;MAXLIFE SEGURADORA DO BRASIL S.A.;     ;
06068     ;SANTOS SEGURADORA S.A.;     ;
06131     ;COMPANHIA MUTUAL DE SEGUROS;     ;
06327     ;PLANALTO COMPANHIA DE SEGUROS GERAIS;     ;
06424     ;SDB CIA SEGUROS GERAIS;     ;
06521     ;CAIXAGERAL S/A SEGURADORA;     ;
06629     ;AJAX CIA NACIONAL DE SEGUROS;     ;
